participant_id,genotype,gender,age_band
SYN0001,E3/E3,Female,40-44
SYN0002,E2/E3,Male,65-69
SYN0003,E3/E3,Male,65-69
SYN0004,E3/E4,Male,40-44
SYN0005,E3/E3,Female,35-39
SYN0006,E3/E3,Female,50-54
SYN0007,E3/E3,Male,60-64
SYN0008,E3/E3,Male,45-49
SYN0009,E3/E3,Male,65-69
SYN0010,E3/E3,Female,60-64
SYN0011,E3/E3,Male,45-49
SYN0012,E3/E3,Male,35-39
SYN0013,E2/E3,Male,45-49
SYN0014,E3/E3,Female,50-54
SYN0015,E2/E3,Male,65-69
SYN0016,E3/E3,Male,50-54
SYN0017,E2/E3,Male,65-69
SYN0018,E3/E3,Male,55-59
SYN0019,E3/E3,Female,55-59
SYN0020,E3/E3,Female,65-69
SYN0021,E3/E3,Female,60-64
SYN0022,E3/E4,Male,40-44
SYN0023,E3/E3,Female,65-69
SYN0024,E2/E3,Male,60-64
SYN0025,E3/E3,Male,55-59
SYN0026,E3/E3,Male,55-59
SYN0027,E3/E4,Male,65-69
SYN0028,E2/E3,Male,40-44
SYN0029,E3/E3,Male,35-39
SYN0030,E3/E3,Male,65-69
SYN0031,E3/E3,Male,45-49
SYN0032,E2/E3,Male,60-64
SYN0033,E3/E3,Male,65-69
SYN0034,E3/E3,Female,65-69
SYN0035,E3/E3,Male,65-69
SYN0036,E3/E3,Male,50-54
SYN0037,E2/E3,Female,50-54
SYN0038,E2/E3,Male,35-39
SYN0039,E3/E4,Male,45-49
SYN0040,E3/E3,Male,40-44
SYN0041,E3/E3,Female,35-39
SYN0042,E3/E3,Female,55-59
SYN0043,E3/E4,Female,35-39
SYN0044,E3/E4,Male,60-64
SYN0045,E3/E4,Male,40-44
SYN0046,E3/E3,Male,60-64
SYN0047,E3/E4,Female,55-59
SYN0048,E3/E3,Female,55-59
SYN0049,E2/E3,Male,35-39
SYN0050,E3/E3,Female,40-44
SYN0051,E3/E4,Male,55-59
SYN0052,E3/E3,Female,55-59
SYN0053,E3/E4,Male,35-39
SYN0054,E4/E4,Male,35-39
SYN0055,E3/E3,Male,60-64
SYN0056,E3/E3,Female,35-39
SYN0057,E3/E3,Male,60-64
SYN0058,E3/E3,Male,35-39
SYN0059,E3/E3,Male,55-59
SYN0060,E3/E4,Female,40-44
SYN0061,E3/E3,Female,50-54
SYN0062,E3/E4,Male,55-59
SYN0063,E3/E3,Female,55-59
SYN0064,E3/E3,Female,60-64
SYN0065,E2/E3,Female,60-64
SYN0066,E3/E3,Female,50-54
SYN0067,E2/E3,Female,50-54
SYN0068,E3/E4,Female,40-44
SYN0069,E3/E4,Female,65-69
SYN0070,E2/E3,Female,40-44
SYN0071,E3/E4,Female,50-54
SYN0072,E3/E3,Male,65-69
SYN0073,E3/E3,Male,40-44
SYN0074,E3/E3,Male,50-54
SYN0075,E3/E3,Male,45-49
SYN0076,E3/E3,Male,55-59
SYN0077,E3/E3,Female,55-59
SYN0078,E3/E4,Male,65-69
SYN0079,E3/E3,Female,40-44
SYN0080,E3/E3,Female,50-54
SYN0081,E3/E4,Male,55-59
SYN0082,E3/E4,Female,35-39
SYN0083,E3/E3,Female,45-49
SYN0084,E3/E3,Female,35-39
SYN0085,E3/E4,Male,55-59
SYN0086,E3/E4,Female,55-59
SYN0087,E3/E3,Male,60-64
SYN0088,E3/E3,Female,65-69
SYN0089,E3/E3,Male,40-44
SYN0090,E3/E3,Female,65-69
SYN0091,E3/E3,Female,60-64
SYN0092,E3/E4,Male,45-49
SYN0093,E3/E3,Female,45-49
SYN0094,E2/E3,Female,45-49
SYN0095,E3/E3,Female,50-54
SYN0096,E2/E3,Male,50-54
SYN0097,E4/E4,Female,35-39
SYN0098,E3/E3,Male,35-39
SYN0099,E3/E3,Male,45-49
SYN0100,E3/E4,Female,50-54
SYN0101,E3/E3,Female,55-59
SYN0102,E3/E3,Female,60-64
SYN0103,E3/E3,Male,50-54
SYN0104,E3/E3,Male,35-39
SYN0105,E3/E4,Male,35-39
SYN0106,E3/E3,Male,45-49
SYN0107,E3/E4,Female,45-49
SYN0108,E3/E4,Male,55-59
SYN0109,E2/E3,Male,40-44
SYN0110,E3/E3,Female,40-44
SYN0111,E3/E4,Female,35-39
SYN0112,E3/E3,Male,55-59
SYN0113,E3/E4,Male,35-39
SYN0114,E3/E3,Female,45-49
SYN0115,E3/E3,Male,40-44
SYN0116,E3/E4,Female,65-69
SYN0117,E3/E3,Female,60-64
SYN0118,E3/E4,Male,45-49
SYN0119,E3/E4,Female,35-39
SYN0120,E3/E3,Male,50-54
SYN0121,E3/E3,Male,40-44
SYN0122,E2/E3,Female,65-69
SYN0123,E3/E3,Female,60-64
SYN0124,E2/E3,Male,45-49
SYN0125,E3/E4,Male,35-39
SYN0126,E3/E4,Female,60-64
SYN0127,E2/E4,Male,35-39
SYN0128,E2/E4,Female,60-64
SYN0129,E2/E3,Male,60-64
SYN0130,E2/E4,Female,55-59
SYN0131,E3/E4,Male,65-69
SYN0132,E3/E3,Male,50-54
SYN0133,E3/E4,Male,65-69
SYN0134,E3/E4,Male,40-44
SYN0135,E3/E3,Male,40-44
SYN0136,E3/E3,Female,45-49
SYN0137,E3/E4,Male,65-69
SYN0138,E3/E3,Female,35-39
SYN0139,E3/E3,Male,40-44
SYN0140,E3/E4,Female,35-39
SYN0141,E3/E3,Male,55-59
SYN0142,E3/E3,Male,50-54
SYN0143,E3/E3,Female,55-59
SYN0144,E3/E3,Female,60-64
SYN0145,E3/E3,Male,45-49
SYN0146,E3/E3,Female,40-44
SYN0147,E2/E3,Male,55-59
SYN0148,E3/E3,Female,50-54
SYN0149,E3/E3,Female,65-69
SYN0150,E3/E4,Male,50-54
SYN0151,E3/E3,Female,60-64
SYN0152,E3/E3,Female,45-49
SYN0153,E3/E3,Female,35-39
SYN0154,E2/E3,Female,65-69
SYN0155,E3/E3,Male,45-49
SYN0156,E3/E3,Female,55-59
SYN0157,E3/E4,Female,35-39
SYN0158,E2/E4,Male,35-39
SYN0159,E2/E3,Female,50-54
SYN0160,E3/E3,Male,60-64
SYN0161,E3/E3,Male,50-54
SYN0162,E3/E3,Female,65-69
SYN0163,E3/E3,Male,55-59
SYN0164,E3/E3,Female,65-69
SYN0165,E2/E4,Male,65-69
SYN0166,E3/E3,Female,40-44
SYN0167,E3/E3,Male,45-49
SYN0168,E2/E3,Male,50-54
SYN0169,E3/E3,Female,65-69
SYN0170,E3/E3,Male,65-69
SYN0171,E3/E4,Male,65-69
SYN0172,E3/E4,Male,40-44
SYN0173,E3/E3,Female,50-54
SYN0174,E3/E3,Female,45-49
SYN0175,E3/E3,Male,45-49
SYN0176,E3/E3,Male,40-44
SYN0177,E3/E3,Female,55-59
SYN0178,E3/E4,Male,45-49
SYN0179,E3/E3,Male,50-54
SYN0180,E3/E3,Male,60-64
SYN0181,E3/E3,Female,60-64
SYN0182,E3/E4,Male,60-64
SYN0183,E2/E3,Female,50-54
SYN0184,E3/E3,Male,35-39
SYN0185,E2/E3,Female,35-39
SYN0186,E3/E3,Male,40-44
SYN0187,E3/E3,Male,65-69
SYN0188,E3/E4,Male,65-69
SYN0189,E2/E3,Male,35-39
SYN0190,E3/E3,Female,60-64
SYN0191,E3/E3,Male,45-49
SYN0192,E3/E3,Female,65-69
SYN0193,E3/E3,Male,55-59
SYN0194,E3/E4,Female,55-59
SYN0195,E3/E4,Female,35-39
SYN0196,E3/E3,Female,50-54
SYN0197,E3/E3,Female,60-64
SYN0198,E3/E3,Male,60-64
SYN0199,E3/E3,Female,35-39
SYN0200,E3/E3,Male,35-39
SYN0201,E3/E3,Female,50-54
SYN0202,E3/E4,Male,45-49
SYN0203,E3/E3,Male,45-49
SYN0204,E3/E3,Male,65-69
SYN0205,E3/E3,Male,40-44
SYN0206,E3/E3,Male,45-49
SYN0207,E2/E3,Male,40-44
SYN0208,E3/E3,Male,45-49
SYN0209,E3/E3,Female,65-69
SYN0210,E3/E3,Female,60-64
SYN0211,E3/E4,Male,50-54
SYN0212,E3/E4,Male,50-54
SYN0213,E3/E3,Male,45-49
SYN0214,E3/E3,Female,65-69
SYN0215,E3/E3,Male,60-64
SYN0216,E3/E3,Female,35-39
SYN0217,E3/E3,Female,50-54
SYN0218,E3/E3,Female,55-59
SYN0219,E3/E3,Male,65-69
SYN0220,E2/E3,Male,40-44
SYN0221,E3/E3,Male,45-49
SYN0222,E2/E2,Male,55-59
SYN0223,E3/E4,Female,40-44
SYN0224,E3/E4,Female,60-64
SYN0225,E3/E3,Female,65-69
SYN0226,E3/E4,Female,45-49
SYN0227,E3/E4,Female,40-44
SYN0228,E3/E3,Male,40-44
SYN0229,E3/E3,Female,60-64
SYN0230,E3/E3,Female,60-64
SYN0231,E3/E3,Male,55-59
SYN0232,E4/E4,Male,40-44
SYN0233,E3/E3,Female,50-54
SYN0234,E3/E4,Male,40-44
SYN0235,E2/E3,Female,60-64
SYN0236,E3/E3,Male,35-39
SYN0237,E3/E3,Male,55-59
SYN0238,E2/E3,Male,45-49
SYN0239,E3/E4,Female,55-59
SYN0240,E3/E3,Female,50-54
SYN0241,E3/E4,Female,65-69
SYN0242,E2/E3,Female,40-44
SYN0243,E3/E4,Male,40-44
SYN0244,E3/E3,Male,60-64
SYN0245,E3/E3,Male,60-64
SYN0246,E3/E3,Male,60-64
SYN0247,E3/E4,Male,35-39
SYN0248,E2/E3,Female,60-64
SYN0249,E3/E3,Female,45-49
SYN0250,E3/E4,Female,35-39
SYN0251,E3/E3,Male,40-44
SYN0252,E2/E3,Male,35-39
SYN0253,E3/E3,Female,60-64
SYN0254,E2/E3,Male,45-49
SYN0255,E3/E4,Male,35-39
SYN0256,E3/E3,Male,45-49
SYN0257,E2/E3,Male,40-44
SYN0258,E3/E3,Female,55-59
SYN0259,E3/E3,Male,50-54
SYN0260,E3/E3,Female,60-64
SYN0261,E3/E4,Male,65-69
SYN0262,E3/E3,Female,50-54
SYN0263,E3/E3,Female,65-69
SYN0264,E3/E3,Female,35-39
SYN0265,E3/E3,Female,55-59
SYN0266,E2/E3,Female,50-54
SYN0267,E3/E4,Male,55-59
SYN0268,E3/E3,Female,40-44
SYN0269,E2/E3,Female,35-39
SYN0270,E3/E3,Female,40-44
SYN0271,E3/E3,Male,35-39
SYN0272,E2/E4,Female,65-69
SYN0273,E3/E4,Female,60-64
SYN0274,E4/E4,Male,60-64
SYN0275,E3/E3,Male,40-44
SYN0276,E3/E3,Male,60-64
SYN0277,E3/E3,Female,55-59
SYN0278,E2/E3,Male,50-54
SYN0279,E3/E3,Female,55-59
SYN0280,E3/E3,Female,65-69
SYN0281,E3/E3,Male,55-59
SYN0282,E3/E3,Female,50-54
SYN0283,E2/E3,Male,60-64
SYN0284,E3/E3,Male,65-69
SYN0285,E3/E3,Female,65-69
SYN0286,E3/E3,Male,65-69
SYN0287,E3/E3,Female,45-49
SYN0288,E3/E4,Female,55-59
SYN0289,E3/E3,Male,65-69
SYN0290,E3/E3,Female,55-59
SYN0291,E3/E3,Male,65-69
SYN0292,E3/E3,Female,65-69
SYN0293,E2/E4,Male,35-39
SYN0294,E3/E3,Female,45-49
SYN0295,E3/E4,Female,55-59
SYN0296,E3/E3,Male,35-39
SYN0297,E3/E3,Female,40-44
SYN0298,E3/E4,Female,50-54
SYN0299,E3/E3,Female,45-49
SYN0300,E4/E4,Male,65-69
SYN0301,E2/E3,Female,65-69
SYN0302,E4/E4,Male,35-39
SYN0303,E3/E3,Female,60-64
SYN0304,E3/E3,Female,35-39
SYN0305,E3/E3,Female,50-54
SYN0306,E2/E3,Female,60-64
SYN0307,E3/E4,Female,55-59
SYN0308,E3/E4,Female,50-54
SYN0309,E3/E4,Male,40-44
SYN0310,E3/E3,Male,35-39
SYN0311,E3/E3,Female,50-54
SYN0312,E3/E3,Female,50-54
SYN0313,E3/E4,Female,40-44
SYN0314,E3/E3,Female,55-59
SYN0315,E3/E4,Male,45-49
SYN0316,E2/E4,Female,50-54
SYN0317,E3/E3,Male,35-39
SYN0318,E3/E4,Female,55-59
SYN0319,E2/E3,Female,65-69
SYN0320,E3/E4,Female,60-64
SYN0321,E3/E4,Female,50-54
SYN0322,E3/E3,Female,35-39
SYN0323,E3/E4,Female,60-64
SYN0324,E3/E3,Male,60-64
SYN0325,E3/E3,Male,35-39
SYN0326,E3/E4,Female,60-64
SYN0327,E3/E3,Female,50-54
SYN0328,E2/E3,Male,55-59
SYN0329,E3/E4,Female,45-49
SYN0330,E3/E4,Female,35-39
SYN0331,E3/E3,Female,60-64
SYN0332,E3/E3,Female,40-44
SYN0333,E3/E4,Female,55-59
SYN0334,E4/E4,Male,35-39
SYN0335,E3/E3,Female,55-59
SYN0336,E3/E3,Female,50-54
SYN0337,E2/E3,Female,50-54
SYN0338,E3/E4,Female,50-54
SYN0339,E3/E4,Female,50-54
SYN0340,E3/E3,Female,40-44
SYN0341,E2/E3,Male,65-69
SYN0342,E3/E3,Male,45-49
SYN0343,E3/E3,Male,60-64
SYN0344,E2/E3,Male,45-49
SYN0345,E3/E3,Male,50-54
SYN0346,E3/E3,Male,65-69
SYN0347,E3/E3,Female,40-44
SYN0348,E3/E3,Male,60-64
SYN0349,E2/E4,Male,40-44
SYN0350,E2/E3,Male,40-44
SYN0351,E3/E4,Female,50-54
SYN0352,E3/E3,Male,60-64
SYN0353,E3/E3,Female,55-59
SYN0354,E3/E3,Male,60-64
SYN0355,E3/E3,Male,40-44
SYN0356,E3/E3,Male,35-39
SYN0357,E3/E4,Female,45-49
SYN0358,E3/E3,Male,60-64
SYN0359,E3/E3,Male,50-54
SYN0360,E3/E4,Female,55-59
SYN0361,E3/E3,Female,65-69
SYN0362,E3/E3,Male,55-59
SYN0363,E3/E3,Male,40-44
SYN0364,E2/E4,Male,65-69
SYN0365,E3/E4,Male,65-69
SYN0366,E2/E4,Male,55-59
SYN0367,E3/E3,Male,55-59
SYN0368,E3/E3,Male,65-69
SYN0369,E2/E3,Female,55-59
SYN0370,E3/E3,Male,65-69
SYN0371,E3/E4,Female,35-39
SYN0372,E3/E3,Female,50-54
SYN0373,E3/E4,Male,65-69
SYN0374,E3/E3,Female,45-49
SYN0375,E3/E3,Female,35-39
SYN0376,E3/E3,Male,35-39
SYN0377,E3/E3,Male,60-64
SYN0378,E3/E3,Female,50-54
SYN0379,E3/E3,Male,35-39
SYN0380,E3/E3,Female,65-69
SYN0381,E3/E3,Female,50-54
SYN0382,E3/E4,Female,60-64
SYN0383,E3/E3,Female,65-69
SYN0384,E3/E4,Male,45-49
SYN0385,E3/E3,Female,35-39
SYN0386,E3/E3,Female,50-54
SYN0387,E3/E3,Female,55-59
SYN0388,E3/E4,Male,65-69
SYN0389,E2/E3,Female,35-39
SYN0390,E3/E4,Male,35-39
SYN0391,E3/E3,Female,50-54
SYN0392,E3/E3,Female,35-39
SYN0393,E3/E3,Male,60-64
SYN0394,E3/E3,Female,50-54
SYN0395,E3/E3,Female,35-39
SYN0396,E2/E3,Male,45-49
SYN0397,E3/E4,Male,65-69
SYN0398,E3/E3,Female,45-49
SYN0399,E2/E3,Female,50-54
SYN0400,E2/E3,Female,55-59
SYN0401,E3/E4,Male,45-49
SYN0402,E3/E3,Male,40-44
SYN0403,E3/E4,Female,55-59
SYN0404,E3/E3,Female,55-59
SYN0405,E3/E4,Male,45-49
SYN0406,E3/E3,Male,40-44
SYN0407,E3/E4,Male,40-44
SYN0408,E3/E3,Male,45-49
SYN0409,E3/E3,Female,35-39
SYN0410,E2/E3,Male,60-64
SYN0411,E3/E3,Female,60-64
SYN0412,E3/E3,Male,55-59
SYN0413,E3/E3,Male,60-64
SYN0414,E3/E3,Male,65-69
SYN0415,E3/E4,Male,65-69
SYN0416,E3/E4,Male,55-59
SYN0417,E3/E3,Female,65-69
SYN0418,E3/E3,Male,65-69
SYN0419,E3/E3,Male,35-39
SYN0420,E3/E3,Male,35-39
SYN0421,E3/E4,Male,55-59
SYN0422,E2/E4,Female,35-39
SYN0423,E3/E4,Male,45-49
SYN0424,E3/E3,Male,35-39
SYN0425,E3/E3,Female,35-39
SYN0426,E3/E3,Female,60-64
SYN0427,E3/E3,Male,35-39
SYN0428,E3/E4,Female,45-49
SYN0429,E3/E3,Male,40-44
SYN0430,E3/E3,Female,35-39
SYN0431,E3/E4,Female,55-59
SYN0432,E2/E3,Male,35-39
SYN0433,E3/E3,Female,65-69
SYN0434,E3/E4,Male,50-54
SYN0435,E2/E3,Male,40-44
SYN0436,E2/E3,Male,45-49
SYN0437,E3/E3,Female,55-59
SYN0438,E3/E3,Female,35-39
SYN0439,E3/E3,Male,65-69
SYN0440,E3/E3,Female,65-69
SYN0441,E3/E3,Female,65-69
SYN0442,E3/E3,Female,45-49
SYN0443,E4/E4,Male,55-59
SYN0444,E3/E4,Female,45-49
SYN0445,E3/E3,Male,35-39
SYN0446,E2/E3,Female,50-54
SYN0447,E3/E3,Male,50-54
SYN0448,E4/E4,Female,45-49
SYN0449,E3/E3,Female,45-49
SYN0450,E3/E3,Female,45-49
SYN0451,E3/E3,Male,55-59
SYN0452,E3/E3,Female,60-64
SYN0453,E3/E3,Male,65-69
SYN0454,E3/E4,Female,40-44
SYN0455,E3/E3,Male,60-64
SYN0456,E3/E3,Male,55-59
SYN0457,E3/E4,Male,40-44
SYN0458,E3/E3,Female,45-49
SYN0459,E3/E3,Female,55-59
SYN0460,E2/E2,Female,55-59
SYN0461,E3/E3,Female,60-64
SYN0462,E3/E3,Female,45-49
SYN0463,E3/E3,Male,50-54
SYN0464,E2/E3,Female,40-44
SYN0465,E3/E3,Male,60-64
SYN0466,E3/E4,Female,50-54
SYN0467,E3/E3,Male,40-44
SYN0468,E2/E4,Female,35-39
SYN0469,E3/E3,Male,35-39
SYN0470,E2/E3,Female,55-59
SYN0471,E3/E3,Male,40-44
SYN0472,E3/E3,Male,35-39
SYN0473,E3/E3,Male,60-64
SYN0474,E3/E3,Female,35-39
SYN0475,E3/E3,Male,60-64
SYN0476,E3/E3,Male,35-39
SYN0477,E3/E4,Male,65-69
SYN0478,E3/E3,Male,55-59
SYN0479,E3/E4,Male,65-69
SYN0480,E3/E3,Female,60-64
SYN0481,E3/E4,Female,50-54
SYN0482,E3/E3,Female,60-64
SYN0483,E3/E3,Male,40-44
SYN0484,E2/E3,Male,50-54
SYN0485,E3/E3,Male,35-39
SYN0486,E3/E3,Female,50-54
SYN0487,E3/E3,Female,45-49
SYN0488,E2/E4,Male,60-64
SYN0489,E3/E3,Female,60-64
SYN0490,E2/E4,Male,45-49
SYN0491,E3/E3,Female,65-69
SYN0492,E3/E3,Male,40-44
SYN0493,E3/E3,Male,45-49
SYN0494,E3/E3,Male,55-59
SYN0495,E3/E3,Female,50-54
SYN0496,E3/E3,Male,65-69
SYN0497,E3/E3,Male,45-49
SYN0498,E3/E4,Female,60-64
SYN0499,E2/E3,Male,55-59
SYN0500,E3/E3,Female,60-64
SYN0501,E3/E3,Female,50-54
SYN0502,E3/E3,Female,45-49
SYN0503,E3/E4,Male,65-69
SYN0504,E3/E3,Male,65-69
SYN0505,E4/E4,Male,60-64
SYN0506,E3/E3,Female,45-49
SYN0507,E2/E3,Male,45-49
SYN0508,E3/E4,Female,65-69
SYN0509,E3/E3,Male,60-64
SYN0510,E3/E3,Female,35-39
SYN0511,E3/E4,Male,35-39
SYN0512,E3/E4,Female,40-44
SYN0513,E2/E3,Male,40-44
SYN0514,E3/E3,Male,35-39
SYN0515,E3/E4,Female,55-59
SYN0516,E2/E3,Male,45-49
SYN0517,E3/E3,Female,65-69
SYN0518,E3/E3,Male,65-69
SYN0519,E3/E3,Female,40-44
SYN0520,E3/E3,Female,55-59
SYN0521,E3/E3,Female,60-64
SYN0522,E3/E3,Female,35-39
SYN0523,E2/E3,Female,60-64
SYN0524,E3/E3,Female,35-39
SYN0525,E3/E3,Female,65-69
SYN0526,E3/E3,Female,50-54
SYN0527,E3/E4,Female,65-69
SYN0528,E3/E4,Female,50-54
SYN0529,E3/E3,Female,35-39
SYN0530,E3/E3,Female,40-44
SYN0531,E3/E3,Male,50-54
SYN0532,E3/E4,Female,50-54
SYN0533,E4/E4,Male,65-69
SYN0534,E3/E3,Female,45-49
SYN0535,E3/E3,Male,35-39
SYN0536,E3/E3,Female,35-39
SYN0537,E3/E3,Female,35-39
SYN0538,E3/E3,Male,35-39
SYN0539,E3/E4,Female,35-39
SYN0540,E3/E3,Male,40-44
SYN0541,E3/E4,Female,50-54
SYN0542,E3/E3,Male,45-49
SYN0543,E3/E3,Female,35-39
SYN0544,E3/E3,Female,50-54
SYN0545,E3/E3,Female,65-69
SYN0546,E3/E3,Male,50-54
SYN0547,E3/E3,Male,65-69
SYN0548,E3/E3,Female,55-59
SYN0549,E3/E4,Female,40-44
SYN0550,E3/E3,Female,60-64
SYN0551,E2/E3,Female,40-44
SYN0552,E3/E3,Female,50-54
SYN0553,E3/E4,Female,55-59
SYN0554,E3/E3,Male,55-59
SYN0555,E2/E3,Female,65-69
SYN0556,E3/E3,Female,45-49
SYN0557,E2/E4,Female,60-64
SYN0558,E3/E3,Male,45-49
SYN0559,E3/E3,Male,35-39
SYN0560,E3/E3,Female,65-69
SYN0561,E3/E3,Male,50-54
SYN0562,E3/E3,Female,65-69
SYN0563,E3/E3,Male,40-44
SYN0564,E3/E3,Female,40-44
SYN0565,E3/E3,Male,60-64
SYN0566,E2/E2,Female,50-54
SYN0567,E3/E3,Male,50-54
SYN0568,E3/E4,Female,55-59
SYN0569,E3/E3,Female,35-39
SYN0570,E3/E3,Female,60-64
SYN0571,E3/E4,Female,60-64
SYN0572,E3/E3,Male,40-44
SYN0573,E3/E3,Female,50-54
SYN0574,E3/E4,Female,65-69
SYN0575,E2/E3,Male,35-39
SYN0576,E3/E3,Female,55-59
SYN0577,E2/E4,Male,35-39
SYN0578,E3/E3,Male,35-39
SYN0579,E3/E3,Female,65-69
SYN0580,E3/E3,Female,60-64
SYN0581,E3/E4,Male,65-69
SYN0582,E3/E3,Male,60-64
SYN0583,E3/E3,Female,60-64
SYN0584,E3/E3,Female,50-54
SYN0585,E3/E3,Female,60-64
SYN0586,E3/E3,Female,60-64
SYN0587,E2/E3,Male,60-64
SYN0588,E3/E3,Female,40-44
SYN0589,E3/E3,Male,50-54
SYN0590,E3/E3,Female,35-39
SYN0591,E3/E3,Female,55-59
SYN0592,E3/E3,Male,55-59
SYN0593,E2/E3,Female,45-49
SYN0594,E3/E3,Male,45-49
SYN0595,E3/E4,Male,65-69
SYN0596,E3/E3,Female,40-44
SYN0597,E2/E3,Male,35-39
SYN0598,E3/E3,Female,50-54
SYN0599,E3/E3,Male,35-39
SYN0600,E3/E4,Male,35-39
SYN0601,E4/E4,Female,40-44
SYN0602,E3/E4,Male,40-44
SYN0603,E3/E3,Male,35-39
SYN0604,E3/E3,Male,35-39
SYN0605,E3/E3,Male,55-59
SYN0606,E3/E3,Female,45-49
SYN0607,E3/E3,Female,50-54
SYN0608,E3/E3,Female,60-64
SYN0609,E2/E3,Female,40-44
SYN0610,E3/E3,Female,35-39
SYN0611,E3/E3,Female,35-39
SYN0612,E3/E3,Female,35-39
SYN0613,E3/E3,Female,55-59
SYN0614,E3/E4,Female,65-69
SYN0615,E3/E3,Female,45-49
SYN0616,E3/E3,Female,65-69
SYN0617,E3/E3,Female,55-59
SYN0618,E3/E3,Female,65-69
SYN0619,E3/E3,Female,60-64
SYN0620,E3/E3,Female,40-44
SYN0621,E3/E3,Female,60-64
SYN0622,E3/E4,Male,40-44
SYN0623,E3/E3,Male,50-54
SYN0624,E3/E3,Male,60-64
SYN0625,E3/E3,Male,40-44
SYN0626,E3/E3,Male,55-59
SYN0627,E3/E4,Male,60-64
SYN0628,E3/E3,Female,65-69
SYN0629,E3/E3,Male,65-69
SYN0630,E2/E3,Female,55-59
SYN0631,E3/E4,Male,45-49
SYN0632,E3/E3,Male,50-54
SYN0633,E3/E3,Male,65-69
SYN0634,E2/E2,Male,35-39
SYN0635,E3/E3,Female,50-54
SYN0636,E3/E4,Male,45-49
SYN0637,E3/E3,Male,45-49
SYN0638,E2/E3,Female,55-59
SYN0639,E3/E3,Male,50-54
SYN0640,E3/E3,Female,40-44
SYN0641,E3/E3,Male,65-69
SYN0642,E2/E3,Female,50-54
SYN0643,E3/E3,Male,50-54
SYN0644,E3/E3,Male,45-49
SYN0645,E3/E3,Male,65-69
SYN0646,E3/E3,Female,40-44
SYN0647,E3/E3,Female,45-49
SYN0648,E3/E3,Female,65-69
SYN0649,E2/E3,Female,65-69
SYN0650,E3/E3,Female,50-54
SYN0651,E3/E3,Male,45-49
SYN0652,E3/E3,Male,55-59
SYN0653,E3/E3,Female,35-39
SYN0654,E3/E4,Female,55-59
SYN0655,E3/E3,Female,35-39
SYN0656,E3/E3,Male,50-54
SYN0657,E3/E3,Female,60-64
SYN0658,E2/E3,Male,35-39
SYN0659,E3/E3,Female,65-69
SYN0660,E3/E3,Male,50-54
SYN0661,E3/E4,Female,40-44
SYN0662,E3/E4,Female,40-44
SYN0663,E2/E3,Male,35-39
SYN0664,E2/E3,Male,55-59
SYN0665,E3/E3,Male,45-49
SYN0666,E3/E3,Male,55-59
SYN0667,E3/E3,Male,60-64
SYN0668,E2/E4,Female,45-49
SYN0669,E2/E3,Female,35-39
SYN0670,E2/E3,Male,45-49
SYN0671,E3/E3,Male,45-49
SYN0672,E3/E3,Female,35-39
SYN0673,E3/E3,Male,50-54
SYN0674,E3/E3,Female,35-39
SYN0675,E3/E3,Male,65-69
SYN0676,E4/E4,Male,45-49
SYN0677,E3/E3,Male,50-54
SYN0678,E3/E3,Male,65-69
SYN0679,E3/E3,Female,65-69
SYN0680,E3/E3,Female,35-39
SYN0681,E3/E3,Male,60-64
SYN0682,E3/E3,Male,55-59
SYN0683,E3/E3,Female,50-54
SYN0684,E2/E3,Female,55-59
SYN0685,E3/E3,Female,40-44
SYN0686,E2/E3,Male,60-64
SYN0687,E2/E3,Female,45-49
SYN0688,E3/E4,Female,60-64
SYN0689,E3/E4,Male,40-44
SYN0690,E3/E4,Female,50-54
SYN0691,E3/E3,Male,50-54
SYN0692,E4/E4,Male,55-59
SYN0693,E3/E3,Male,35-39
SYN0694,E3/E3,Male,40-44
SYN0695,E3/E3,Female,50-54
SYN0696,E2/E3,Female,60-64
SYN0697,E3/E3,Male,45-49
SYN0698,E3/E3,Female,35-39
SYN0699,E3/E3,Male,50-54
SYN0700,E3/E3,Male,45-49
SYN0701,E2/E3,Male,45-49
SYN0702,E3/E4,Female,35-39
SYN0703,E3/E3,Male,60-64
SYN0704,E3/E3,Female,45-49
SYN0705,E3/E3,Female,35-39
SYN0706,E3/E3,Female,35-39
SYN0707,E3/E4,Male,50-54
SYN0708,E3/E3,Female,55-59
SYN0709,E3/E4,Female,50-54
SYN0710,E3/E3,Female,55-59
SYN0711,E3/E3,Male,35-39
SYN0712,E2/E3,Female,35-39
SYN0713,E3/E3,Male,60-64
SYN0714,E2/E3,Male,45-49
SYN0715,E3/E3,Female,45-49
SYN0716,E3/E3,Male,50-54
SYN0717,E3/E3,Female,55-59
SYN0718,E3/E4,Female,65-69
SYN0719,E3/E3,Female,45-49
SYN0720,E3/E3,Female,65-69
SYN0721,E3/E4,Female,60-64
SYN0722,E2/E3,Female,45-49
SYN0723,E3/E3,Male,40-44
SYN0724,E2/E3,Male,40-44
SYN0725,E3/E3,Female,40-44
SYN0726,E3/E4,Male,55-59
SYN0727,E3/E3,Female,50-54
SYN0728,E3/E3,Male,40-44
SYN0729,E3/E3,Male,45-49
SYN0730,E2/E3,Female,45-49
SYN0731,E3/E3,Female,60-64
SYN0732,E3/E3,Male,55-59
SYN0733,E2/E3,Male,60-64
SYN0734,E3/E4,Female,65-69
SYN0735,E3/E3,Male,45-49
SYN0736,E2/E4,Male,35-39
SYN0737,E2/E2,Male,60-64
SYN0738,E3/E3,Female,60-64
SYN0739,E3/E3,Female,40-44
SYN0740,E3/E3,Male,35-39
SYN0741,E3/E3,Male,40-44
SYN0742,E3/E3,Male,60-64
SYN0743,E3/E4,Female,60-64
SYN0744,E3/E3,Female,40-44
SYN0745,E3/E3,Female,45-49
SYN0746,E3/E3,Female,50-54
SYN0747,E3/E3,Male,50-54
SYN0748,E3/E3,Male,60-64
SYN0749,E3/E3,Female,45-49
SYN0750,E3/E4,Male,35-39
SYN0751,E3/E3,Female,65-69
SYN0752,E3/E3,Male,35-39
SYN0753,E2/E4,Male,55-59
SYN0754,E3/E4,Male,40-44
SYN0755,E3/E3,Male,40-44
SYN0756,E3/E4,Male,45-49
SYN0757,E3/E4,Female,55-59
SYN0758,E3/E3,Male,65-69
SYN0759,E3/E3,Male,55-59
SYN0760,E3/E3,Male,40-44
SYN0761,E4/E4,Male,60-64
SYN0762,E3/E3,Male,35-39
SYN0763,E3/E3,Female,35-39
SYN0764,E3/E3,Male,55-59
SYN0765,E3/E3,Male,65-69
SYN0766,E3/E3,Female,60-64
SYN0767,E3/E3,Male,65-69
SYN0768,E3/E4,Male,55-59
SYN0769,E3/E3,Male,50-54
SYN0770,E3/E3,Male,55-59
SYN0771,E3/E3,Male,65-69
SYN0772,E3/E4,Male,55-59
SYN0773,E3/E3,Male,45-49
SYN0774,E3/E3,Male,50-54
SYN0775,E3/E3,Male,45-49
SYN0776,E4/E4,Male,60-64
SYN0777,E3/E3,Male,50-54
SYN0778,E3/E3,Male,55-59
SYN0779,E3/E3,Female,50-54
SYN0780,E2/E3,Male,65-69
SYN0781,E3/E3,Male,35-39
SYN0782,E3/E3,Male,55-59
SYN0783,E2/E3,Female,50-54
SYN0784,E3/E4,Female,65-69
SYN0785,E3/E3,Female,35-39
SYN0786,E3/E3,Male,40-44
SYN0787,E2/E3,Female,40-44
SYN0788,E3/E4,Male,45-49
SYN0789,E3/E3,Female,50-54
SYN0790,E3/E4,Male,55-59
SYN0791,E2/E4,Male,60-64
SYN0792,E3/E3,Male,55-59
SYN0793,E3/E3,Female,65-69
SYN0794,E3/E3,Female,55-59
SYN0795,E3/E3,Female,40-44
SYN0796,E3/E3,Male,65-69
SYN0797,E2/E3,Male,65-69
SYN0798,E3/E3,Male,40-44
SYN0799,E3/E3,Female,35-39
SYN0800,E3/E3,Female,50-54
